Y,M,D,T,TM,Tm,SLP,STP,H,PP,VV,V,VM,VG,FG,RA,SN,GR,TS,TR
2017,1,1,7,12,3,0,0,75,0,10.8,15.7,24.1,0,0,0,0,0,0,0
2017,1,2,7.2,14,3,0,0,73,0,10.5,19.6,27.8,46.5,0,0,0,0,0,0
2017,1,3,6.8,12.5,3.7,0,0,69,0,10.6,20.4,27.8,40.7,0,0,0,0,0,0
2017,1,4,8.8,14.5,5.9,0,0,68,0,10.6,16.7,24.1,46.5,0,0,0,0,0,0
2017,1,5,7.8,13,4,0,0,64,0,10.3,15.4,27.8,38.9,0,0,0,0,0,0
2017,1,6,6,13.1,2,0,0,67,0,10.6,15.2,27.8,51.9,0,0,0,0,0,0
2017,1,7,5.8,13.1,2,0,0,65,0,10.1,14.6,25.9,44.6,0,0,0,0,0,0
2017,1,8,8.1,16.5,4,0,0,55,0,0,20.9,25.9,48.2,0,0,0,0,0,0
2017,1,9,7.5,13.7,5,0,0,62,0,10.8,20.9,29.4,55.4,0,0,0,0,0,0
2017,1,10,7.2,13.2,4,0,0,70,0,10.3,15.6,24.1,0,0,0,0,0,0,0
2017,1,11,8.7,13.2,3,0,0,69,0,10,16.9,27.8,0,0,0,0,0,0,0
2017,1,12,11.8,16,7,0,0,77,0,10.6,17.6,35.2,0,0,0,0,0,0,0
2017,1,13,11.9,15.2,6,0,0,49,0,10.6,21.7,40.7,0,0,1,0,0,0,0
2017,1,14,7.2,12.2,4,0,0,43,0,11.1,18.3,31.7,0,0,0,0,0,0,0
2017,1,15,7.1,13.7,4,0,0,45,0,10.9,17,29.4,0,0,0,0,0,0,0
2017,1,16,7.4,13,3,0,0,65,0,10.8,11.9,22.2,0,0,0,0,0,0,0
2017,1,17,5.3,8.1,1,0,0,35,0,10.8,13,40.7,61.1,0,0,0,0,0,0
2017,1,18,3.5,11.1,1,0,0,41,0,12.4,18,25.9,0,0,0,0,0,0,0
2017,1,19,6.5,11.5,1.8,0,0,52,0,13.2,32.2,53.5,77.8,0,1,0,0,0,0
2017,1,20,9.5,10.7,8.8,0,0,77,2.03,10.8,36.1,48.2,66.5,0,1,0,0,1,0
2017,1,21,10.4,12,9,0,0,69,4.83,10.8,37.8,63,83.2,0,1,0,0,0,0
2017,1,22,9.8,11.2,8,0,0,70,0.76,10.8,35.6,46.5,64.8,0,1,0,0,0,0
2017,1,23,9.2,11.7,7.8,0,0,80,7.11,10.8,14.6,38.9,46.5,0,1,0,0,0,0
2017,1,24,8.3,13.5,5,0,0,69,1.02,10.9,14.3,27.8,0,0,0,0,0,0,0
2017,1,25,6.5,9.1,5,0,0,74,0,10,19.8,37,40.7,0,1,0,0,0,0
2017,1,26,6.9,10.6,4,0,0,79,1.52,9.8,12,18.3,0,0,1,0,0,0,0
2017,1,27,10.2,14.2,7,0,0,84,0.51,9.5,13.1,20.6,42.4,0,1,0,0,1,0
2017,1,28,11.3,14.5,8,0,0,83,18.29,10.1,12.4,24.1,0,0,1,0,0,0,0
2017,1,29,9,14.1,5.7,0,0,77,1.52,9.7,12.6,25.9,0,0,0,0,0,0,0
2017,1,30,9.9,15.2,6,0,0,80,0,10.8,11.7,22.2,0,0,0,0,0,0,0
2017,1,31,10.9,15.1,8,0,0,87,0,9.7,9.6,22.2,0,0,0,0,0,0,0
2017,2,1,10.9,15.5,8,0,0,89,0,7.4,11.5,25.9,0,0,0,0,0,0,0
2017,2,2,11.5,14.5,10,0,0,86,0,7.6,16.9,33.5,0,0,1,0,0,0,0
2017,2,3,12.2,17,8,0,0,65,0,10.9,15.9,38.9,0,0,0,0,0,0,0
2017,2,4,14.1,19,9,0,0,72,0,10.3,20.9,42.4,0,0,0,0,0,0,0
2017,2,5,13.7,15.5,11.6,0,0,70,0,11.4,26.1,42.4,61.1,0,1,0,0,0,0
2017,2,6,12.3,17.2,8,0,0,50,0,11.1,21.9,35.2,55.4,0,0,0,0,0,0
2017,2,7,13.6,18.1,10,0,0,74,0,10.9,9.8,20.6,0,0,1,0,0,0,0
2017,2,8,10.7,17.7,7,0,0,65,11.18,10.1,14.6,38.9,0,0,1,0,0,1,0
2017,2,9,8.3,13.7,4,0,0,58,0,13.4,13.5,22.2,0,0,0,0,0,0,0
2017,2,10,8.7,13.7,5.7,0,0,68,0,10.5,11.7,20.6,33.5,0,0,0,0,0,0
2017,2,11,10.4,14,6.9,0,0,82,0,10.5,20.7,35.2,63,0,1,0,0,0,0
2017,2,12,13.5,14.6,12,0,0,86,0,8.9,30,42.4,50,0,0,0,0,0,0
2017,2,13,13.7,14.7,13,0,0,90,8.89,6.9,31.7,66.5,0,0,1,0,0,0,0
2017,2,14,13.3,16.6,10,0,0,84,1.02,10.1,11.3,22.2,31.7,0,0,0,0,0,0
2017,2,15,13.4,16.6,10,0,0,84,0,10.3,14.3,25.9,31.7,0,1,0,0,0,0
2017,2,16,12.8,15.6,9,0,0,86,0,9.8,8.1,13,0,0,0,0,0,0,0
2017,2,17,11.1,15,8,0,0,86,0,9.3,14.8,27.8,0,0,0,0,0,0,0
2017,2,18,10.4,15,7,0,0,84,0,7.2,10.6,20.6,0,1,0,0,0,0,0
2017,2,19,12.1,16.2,9,0,0,79,0,9.5,10.9,20.6,37,0,0,0,0,0,0
2017,2,20,11.6,16.2,7.7,0,0,74,0,10.3,15,22.2,40.7,0,0,0,0,0,0
2017,2,21,11.3,16.2,7,0,0,73,0,9.7,16.9,25.9,46.5,0,0,0,0,0,0
2017,2,22,12.3,18.2,8,0,0,64,0,11.7,15.7,24.1,35.2,0,0,0,0,0,0
2017,2,23,12.9,18.1,9,0,0,65,0,0,14.4,29.4,0,0,0,0,0,0,0
2017,2,24,12.2,14.1,10,0,0,89,1.02,7.1,8.1,25.9,0,1,1,0,0,0,0
2017,2,25,10.4,14.5,6,0,0,73,5.33,9.5,11.7,25.9,37,0,0,0,0,0,0
2017,2,26,10.4,15,5.9,0,0,82,0,10.1,17.8,29.4,0,0,0,0,0,0,0
2017,2,27,12.7,16,10,0,0,79,0,10,17.2,35.2,0,0,0,0,0,0,0
2017,2,28,14.3,18,10.9,0,0,59,0,9.8,26.5,40.7,0,0,0,0,0,0,0
2017,3,1,11.3,15,7,0,0,62,0,11.4,18.5,33.5,0,0,0,0,0,0,0
2017,3,2,12.1,17.6,7,0,0,80,0,11.1,13,22.2,42.4,0,0,0,0,0,0
2017,3,3,12.9,16.2,11,0,0,84,0,8.5,12.2,33.5,0,0,1,0,0,0,0
2017,3,4,11,15.7,6,0,0,62,15.75,9.8,31.3,63,81.7,0,1,0,0,0,0
2017,3,5,11.2,16,6,0,0,67,0.51,10.8,19.1,42.4,50,0,0,0,0,0,0
2017,3,6,16.5,24.1,10,0,0,51,0,10.6,18.5,38.9,51.9,0,0,0,0,0,0
2017,3,7,13.9,18,10,0,0,51,0,11.3,15.2,33.5,40.7,0,0,0,0,0,0
2017,3,8,13.6,16.7,11,0,0,80,0,11.1,11.5,25.9,0,0,0,0,0,0,0
2017,3,9,13,16.6,11,0,0,86,0,9.3,7.4,18.3,0,1,0,0,0,0,0
2017,3,10,14.7,20.5,10.9,0,0,73,0,9,11.9,29.4,0,0,0,0,0,0,0
2017,3,11,14.4,19.5,11,0,0,74,0,0,9.4,20.6,37,0,0,0,0,0,0
2017,3,12,13.9,18,10,0,0,79,0,10.1,11.7,27.8,92.4,0,0,0,0,0,0
2017,3,13,14.9,19.1,12,0,0,69,0,10.1,20.4,48.2,59.4,0,1,0,0,0,0
2017,3,14,14.1,21.6,10,0,0,68,0,10.9,13,22.2,37,0,0,0,0,0,0
2017,3,15,13.3,19.2,10,0,0,69,0,9.8,9.3,20.6,25.9,0,0,0,0,0,0
2017,3,16,12.8,17.5,9,0,0,76,0,8.5,12.8,20.6,33.5,0,0,0,0,0,0
2017,3,17,13.2,18,8,0,0,61,0,0,20.6,38.9,0,0,0,0,0,0,0
2017,3,18,13.6,18,9.6,0,0,70,0,11.3,9.8,22.2,0,0,0,0,0,0,0
2017,3,19,13.5,17.5,9,0,0,78,0,9.8,12.4,24.1,0,0,0,0,0,0,0
2017,3,20,13.9,18.6,10.8,0,0,73,0,11.1,9.1,20.6,0,0,0,0,0,0,0
2017,3,21,13.5,17.6,9,0,0,78,0,10,11.5,18.3,0,0,0,0,0,0,0
2017,3,22,14.3,17.7,10,0,0,73,0,10.1,15,31.7,38.9,0,0,0,0,0,0
2017,3,23,13,16.7,10,0,0,59,0,10,16.5,31.7,51.9,0,0,0,0,0,0
2017,3,24,9.6,12.2,7,0,0,75,9.91,9.3,16.5,29.4,48.2,0,1,0,0,1,0
2017,3,25,10.3,16.1,6,0,0,75,64.77,9.7,16.5,29.4,40.7,0,1,0,0,0,0
2017,3,26,12,16.7,7,0,0,73,0,10.8,12.4,24.1,40.7,0,0,0,0,0,0
2017,3,27,12.3,16.2,9,0,0,81,2.03,10.6,16.7,31.3,0,0,1,0,0,0,0
2017,3,28,12.3,16.6,8,0,0,80,0,10.5,11.7,18.3,33.5,0,0,0,0,0,0
2017,3,29,14.4,19.5,10,0,0,73,0,10.1,14.1,24.1,42.4,0,0,0,0,0,0
2017,3,30,14.6,18.7,10.9,0,0,78,0,0,15.2,25.9,35.2,0,0,0,0,0,0
2017,3,31,13.7,17.7,10,0,0,79,0,10.8,12.8,27.8,0,0,1,0,0,0,0
2017,4,1,12.5,15.5,10,0,0,79,1.02,10.8,10.2,25.9,0,0,1,0,0,1,0
2017,4,2,12,17.2,8,0,0,71,4.57,10.3,15,25.9,40.7,0,1,0,0,0,0
2017,4,3,14.1,20.1,9,0,0,63,0.51,11.6,17.6,31.7,42.4,0,0,0,0,0,0
2017,4,4,15.4,21.2,10,0,0,60,0,14,18.3,27.8,48.2,0,0,0,0,0,0
2017,4,5,14.6,19.2,11,0,0,72,1.02,11.1,10.4,22.2,0,0,1,0,0,0,0
2017,4,6,14.2,20,9,0,0,74,3.3,11.6,13.1,22.2,35.2,0,0,0,0,0,0
2017,4,7,14.3,19,10,0,0,69,0,0,12.8,24.1,44.6,0,0,0,0,0,0
2017,4,8,14.6,18.7,10,0,0,75,0,10.9,16.3,25.9,0,0,0,0,0,0,0
2017,4,9,14.1,18.5,9.8,0,0,75,0,11.4,14.6,25.9,0,0,0,0,0,0,0
2017,4,10,15.3,19.1,10.8,0,0,69,0,11.1,21.1,38.9,0,0,0,0,0,0,0
2017,4,11,16.1,20.1,12,0,0,75,0,11.1,12.8,27.8,0,0,0,0,0,0,0
2017,4,12,15.9,20.7,12,0,0,77,0,9.7,10.2,16.5,38.9,0,0,0,0,0,0
2017,4,13,15.5,19.2,12,0,0,81,0,10,10.6,22.2,0,0,0,0,0,0,0
2017,4,14,16.8,21.1,13,0,0,70,0,8.9,8.9,16.5,0,0,1,0,0,0,0
2017,4,15,16.1,19.1,14,0,0,74,0,10.9,11.9,20.6,38.9,0,0,0,0,0,0
2017,4,16,15.9,20,12,0,0,72,0.25,10.1,16.9,37,0,0,0,0,0,0,0
2017,4,17,15.9,19.7,12.9,0,0,79,0,10.5,13.3,25.9,0,0,0,0,0,0,0
2017,4,18,16.3,19.7,13,0,0,80,0,9.7,10.9,20.6,0,0,0,0,0,0,0
2017,4,19,14.7,18,11,0,0,43,0,10.5,16.5,35.2,55.4,0,0,0,0,0,0
2017,4,20,12.4,16.5,8.6,0,0,50,0,10.8,14.6,33.5,0,0,0,0,0,0,0
2017,4,21,12.2,17.1,6.9,0,0,56,0,14,13,22.2,0,0,0,0,0,0,0
2017,4,22,13.3,18,8,0,0,66,0,0,21.7,37,38.9,0,0,0,0,0,0
2017,4,23,14.7,19.7,10,0,0,68,0,0,11.5,24.1,0,0,0,0,0,0,0
2017,4,24,14.9,18.7,10.8,0,0,76,0,12.1,11.7,24.1,0,0,0,0,0,0,0
2017,4,25,15.4,19.5,11,0,0,79,0,10.8,15.4,29.4,0,0,1,0,0,0,0
2017,4,26,14.2,16.6,12,0,0,88,0.25,8.9,13.1,29.4,0,0,1,0,0,0,0
2017,4,27,9.1,12,7,0,0,84,22.61,10.1,11.5,22.2,33.5,0,1,0,0,0,0
2017,4,28,11.1,16,6,0,0,63,8.38,10.3,14.6,22.2,38.9,0,0,0,0,0,0
2017,4,29,12.8,17.5,7.8,0,0,65,0,11.3,18.9,29.4,0,0,1,0,0,0,0
2017,4,30,16.2,19,13.8,0,0,78,0.76,10.8,20.9,29.4,0,0,1,0,0,0,0
2017,5,1,14.7,17.7,12,0,0,59,1.78,10.6,12.6,22.2,0,0,1,0,0,0,0
2017,5,2,14.8,18.6,10,0,0,72,0,11.1,18.1,33.5,0,0,0,0,0,0,0
2017,5,3,15.3,18.1,14,0,0,80,0,10.8,10.4,24.1,0,0,1,0,0,0,0
2017,5,4,15.6,19.2,12,0,0,83,0,9.2,12,25.9,0,0,0,0,0,0,0
2017,5,5,17.1,21,15,0,0,73,0,10.5,23.9,38.9,0,0,1,0,0,0,0
2017,5,6,19.4,26.2,15,0,0,55,0,11.3,20.7,46.5,0,0,0,0,0,0,0
2017,5,7,16.7,20.2,13,0,0,75,0,10.6,11.9,22.2,0,0,0,0,0,0,0
2017,5,8,16.8,19.7,13,0,0,75,0,10.9,10.9,16.5,0,0,0,0,0,0,0
2017,5,9,16.4,19.6,12.9,0,0,77,0,10.5,11.7,22.2,0,0,0,0,0,0,0
2017,5,10,17.7,20.5,15,0,0,81,0,10.3,12.6,22.2,0,0,1,0,0,0,0
2017,5,11,18.3,21.6,14,0,0,80,11.94,9.8,16.1,27.8,0,0,1,0,0,1,0
2017,5,12,19.6,24.7,14,0,0,64,0,10.6,20.2,40.7,0,0,0,0,0,0,0
2017,5,13,20.1,25.7,15.4,0,0,60,0,11.3,21.9,38.9,0,0,0,0,0,0,0
2017,5,14,19.7,23.2,17,0,0,64,0,11.3,9.1,18.3,0,0,0,0,0,0,0
2017,5,15,20.1,24.2,16,0,0,64,0,11.3,11.1,20.6,0,0,0,0,0,0,0
2017,5,16,20.8,24.7,17.8,0,0,63,0,10.8,10.7,22.2,42.4,0,0,0,0,0,0
2017,5,17,20.7,25.2,17,0,0,62,0,10.5,9.1,16.5,0,0,0,0,0,0,0
2017,5,18,18.9,22.7,15,0,0,69,0.51,10.8,12.2,24.1,33.5,0,1,0,0,0,0
2017,5,19,16.8,20.7,12,0,0,60,0,10.9,17.8,31.3,0,0,0,0,0,0,0
2017,5,20,18.3,21.7,14,0,0,65,0,10.9,13.3,22.2,0,0,0,0,0,0,0
2017,5,21,18.4,22,14,0,0,78,0,10.6,16.1,27.8,0,0,0,0,0,0,0
2017,5,22,19.7,23.5,16.9,0,0,76,0,10.9,10.2,22.2,0,0,0,0,0,0,0
2017,5,23,20.5,24.2,16.9,0,0,72,0,11.1,13.1,24.1,33.5,0,0,0,0,0,0
2017,5,24,22.2,26.6,17,0,0,60,0,12.1,17.8,35.2,42.4,0,0,0,0,0,0
2017,5,25,22.2,26,18.8,0,0,62,0,11.6,18.7,35.2,0,0,0,0,0,0,0
2017,5,26,20.1,22.2,18,0,0,76,0.25,10.8,15.7,24.1,0,0,0,0,0,0,0
2017,5,27,21.1,24,19,0,0,77,0,10.3,14.8,25.9,48.2,0,0,0,0,0,0
2017,5,28,20.9,24.7,17,0,0,70,0,10.9,9.1,16.5,0,0,0,0,0,0,0
2017,5,29,21.7,25.7,17,0,0,58,0,13.4,9.6,16.5,0,0,1,0,0,0,0
2017,5,30,20.8,24.1,17.9,0,0,62,3.05,11.1,10.6,22.2,37,0,1,0,0,0,0
2017,5,31,21.1,25.1,17,0,0,62,0.25,10.8,11.9,20.6,35.2,0,0,0,0,0,0
2017,6,1,21.4,25,18,0,0,66,0,12.4,9.4,18.3,0,0,0,0,0,0,0
2017,6,2,21.6,25.2,18,0,0,75,0,11.4,13,27.8,0,0,0,0,0,0,0
2017,6,3,23.3,28.7,21,0,0,74,0,10.5,15.6,29.4,0,0,0,0,0,0,0
2017,6,4,21.1,25.2,19,0,0,75,2.03,10.8,10.7,22.2,24.1,0,1,0,0,0,0
2017,6,5,19.7,23.7,17,0,0,75,8.89,11.4,17.8,35.2,0,0,1,0,0,0,0
2017,6,6,21.6,26.6,19,0,0,73,0,11.1,18.7,35.2,0,0,0,0,0,0,0
2017,6,7,19.7,21,19,0,0,76,0.25,10.1,11.1,18.3,0,0,1,0,0,0,0
2017,6,8,21.5,24.5,19,0,0,78,0,10.1,14.6,31.7,33.5,0,1,0,0,0,0
2017,6,9,21.6,25.2,19,0,0,79,0.25,10.3,7.8,16.5,33.5,0,1,0,0,0,0
2017,6,10,22.4,26.6,18,0,0,70,0,0,13.5,25.9,31.7,0,0,0,0,0,0
2017,6,11,23.7,28,19.9,0,0,62,0,0,13.5,22.2,40.7,0,0,0,0,0,0
2017,6,12,24.6,28.5,20.4,0,0,54,0,0,11.5,18.3,0,0,0,0,0,0,0
2017,6,13,25.4,29.5,21,0,0,57,0,0,12.2,22.2,0,0,0,0,0,0,0
2017,6,14,25.6,30.5,21.7,0,0,59,0,14,14.4,25.9,0,0,0,0,0,0,0
2017,6,15,25.9,30.6,22,0,0,57,0,14,11.3,18.3,0,0,0,0,0,0,0
2017,6,16,27.5,31.6,23.7,0,0,61,0,0,13.7,25.9,0,0,0,0,0,0,0
2017,6,17,26.2,29.2,24,0,0,72,0,13.4,11.5,16.5,0,0,0,0,0,0,0
2017,6,18,25.8,29.5,22,0,0,72,0,11.4,11.7,20.6,0,0,0,0,0,0,0
2017,6,19,25.3,28.5,22,0,0,78,0,10.6,10.6,18.3,0,0,0,0,0,0,0
2017,6,20,26.1,29.5,22,0,0,72,0,11.4,15.9,29.4,0,0,0,0,0,0,0
2017,6,21,26.1,29.7,23,0,0,68,0,11.9,19.8,35.2,0,0,0,0,0,0,0
2017,6,22,26.1,29.5,23,0,0,68,0,16.3,19.3,37,0,0,0,0,0,0,0
2017,6,23,25.9,29.7,23,0,0,74,0,10,21.9,33.5,0,0,0,0,0,0,0
2017,6,24,25.6,29.1,21.6,0,0,74,0,10.8,13.9,27.8,0,0,0,0,0,0,0
2017,6,25,24.9,28,23,0,0,80,0,10,11.3,20.6,0,0,1,0,0,0,0
2017,6,26,26.1,31.1,22,0,0,69,0,10.8,10,16.5,27.8,0,1,0,0,0,0
2017,6,27,25.7,28.5,24,0,0,78,0,10.3,11.7,18.3,0,0,0,0,0,0,0
2017,6,28,25.2,31.6,19,0,0,60,1.02,10.1,22.2,64.8,88.9,0,1,0,0,1,0
2017,6,29,22.8,28.2,18,0,0,50,0,11.6,18.5,40.7,0,0,0,0,0,0,0
2017,6,30,22.7,28,16.8,1013.2,1012.6,49,0,15,21.1,40.7,46.5,0,1,0,0,1,0
2017,7,1,21.1,25,18,0,0,51,0,10.8,12.8,25.9,40.7,0,0,0,0,0,0
2017,7,2,22.1,26.2,18,0,0,53,0,11.7,18,27.8,53.5,0,0,0,0,0,0
2017,7,3,22.8,27.2,18,0,0,66,0,13.4,17,29.4,0,0,0,0,0,0,0
2017,7,4,23.6,27,19.8,0,0,67,0,0,12.8,25.9,0,0,0,0,0,0,0
2017,7,5,23.6,27,19,0,0,69,0,11.1,12.6,22.2,0,0,0,0,0,0,0
2017,7,6,25.1,29,21,0,0,76,0,10.6,11.7,22.2,0,0,0,0,0,0,0
2017,7,7,25.6,28.7,22,0,0,72,0,10.8,17.4,27.8,0,0,0,0,0,0,0
2017,7,8,26.1,29,24,0,0,64,0,10.6,18,35.2,0,0,1,0,0,1,0
2017,7,9,25.3,29.1,22,0,0,73,0,10,12.2,24.1,0,0,0,0,0,0,0
2017,7,10,25.3,28.5,22,0,0,79,0,10,9.6,16.5,0,0,0,0,0,0,0
2017,7,11,25.8,28.2,24,0,0,78,0,10.1,13.9,22.2,0,0,0,0,0,0,0
2017,7,12,26.1,29.5,22,0,0,80,0,9.7,12.2,27.8,0,0,0,0,0,0,0
2017,7,13,26.4,29.2,23,0,0,79,0,10.3,16.1,33.5,0,0,0,0,0,0,0
2017,7,14,26.1,29.2,24,0,0,77,0,10.5,10.7,25.9,0,0,1,0,0,0,0
2017,7,15,26.4,29.7,24,0,0,75,0,10.5,14.1,24.1,0,0,0,0,0,0,0
2017,7,16,26.3,29.7,24,0,0,70,0,10.9,10.4,20.6,0,0,0,0,0,0,0
2017,7,17,26.3,29,23.7,0,0,67,0,10.9,9.6,18.3,0,0,0,0,0,0,0
2017,7,18,26.3,29.7,23,0,0,72,0,10.8,10.9,22.2,0,0,0,0,0,0,0
2017,7,19,26.3,29.5,23,0,0,74,0,10.5,13,24.1,0,0,0,0,0,0,0
2017,7,20,26.3,29,25,0,0,68,0,10.1,24.1,38.9,0,0,1,0,0,0,0
2017,7,21,25.5,29.7,23,0,0,70,0,10.9,10,20.6,37,0,0,0,0,0,0
2017,7,22,25.7,29.5,22,0,0,75,0,10.8,13.3,22.2,0,0,0,0,0,0,0
2017,7,23,25.1,28.2,20,0,0,75,2.03,10.3,10.4,40.7,63,0,1,0,0,1,0
2017,7,24,24.7,29.2,20,0,0,69,0.51,10.1,16.1,29.4,0,0,0,0,0,0,0
2017,7,25,24.6,27.7,22,0,0,64,0,10.5,19.3,27.8,48.2,0,1,0,0,0,0
2017,7,26,23.8,27.2,21,0,0,62,0,10.6,13,22.2,38.9,0,0,0,0,0,0
2017,7,27,25,29.5,20,0,0,76,0,10.8,15,27.8,31.7,0,0,0,0,0,0
2017,7,28,26.2,29.5,23.7,0,0,76,0,10.3,11.5,22.2,0,0,0,0,0,0,0
2017,7,29,25.8,29.5,22,0,0,80,0,10.6,10.4,16.5,0,0,0,0,0,0,0
2017,7,30,26.4,30.6,22.8,0,0,69,0,10.6,12,24.1,0,0,0,0,0,0,0
2017,7,31,26.6,29.2,25,0,0,78,0,10.5,22.4,33.5,0,0,0,0,0,0,0
2017,8,1,26.6,29.5,25,0,0,84,0,9.8,13.5,29.4,37,0,1,0,0,0,0
2017,8,2,27.9,32,24,0,0,70,0,10,11.5,25.9,0,0,0,0,0,0,0
2017,8,3,27.9,33,25.6,0,0,71,0,9.8,14.1,24.1,40.7,0,0,0,0,0,0
2017,8,4,28.4,32.7,24.9,0,0,68,0,0,10.9,22.2,35.2,0,0,0,0,0,0
2017,8,5,28.9,33,26,0,0,66,0,12.6,13.5,27.8,0,0,0,0,0,0,0
2017,8,6,27.2,30.5,25,0,0,72,0,11.1,11.3,20.6,0,0,0,0,0,0,0
2017,8,7,26.9,30.5,24,0,0,71,0,10.9,12.4,22.2,33.5,0,0,0,0,0,0
2017,8,8,26.4,29.7,22,0,0,70,1.02,10.6,15.7,42.4,0,0,1,0,0,0,0
2017,8,9,22.8,27,18,0,0,63,0,10.9,14.3,24.1,37,0,1,0,0,0,0
2017,8,10,21.8,26.5,17,0,0,60,2.79,10.9,18.1,35.2,38.9,0,1,0,0,0,0
2017,8,11,22.2,25.7,18,0,0,56,0,10.8,16.3,29.4,63,0,0,0,0,0,0
2017,8,12,23.7,27.1,20,0,0,62,0.51,10.9,12.8,22.2,0,0,1,0,0,0,0
2017,8,13,24.1,28.5,20,0,0,66,0,10.9,13.1,20.6,40.7,0,0,0,0,0,0
2017,8,14,24.7,28.6,20.8,0,0,70,0,10.9,12.6,25.9,0,0,0,0,0,0,0
2017,8,15,24.6,28.5,20.8,0,0,75,0,13.2,12.6,22.2,33.5,0,0,0,0,0,0
2017,8,16,25.6,28.5,24,0,0,73,0,10.8,13.9,22.2,0,0,0,0,0,0,0
2017,8,17,26.1,30.1,23,0,0,65,0,13.4,13,24.1,31.7,0,0,0,0,0,0
2017,8,18,26.2,30.2,23,0,0,73,0,12.2,16.7,29.4,0,0,0,0,0,0,0
2017,8,19,25.8,28.5,25,0,0,75,0,10.8,10.2,22.2,0,0,0,0,0,0,0
2017,8,20,25.2,27.7,24,0,0,72,0.51,11.6,11.1,18.3,0,0,1,0,0,0,0
2017,8,21,25.3,29.5,22,0,0,75,0,10.5,10.7,20.6,31.7,0,0,0,0,0,0
2017,8,22,25.4,29.1,22,0,0,75,0,10.6,17,31.3,0,0,0,0,0,0,0
2017,8,23,25.3,29.6,21.8,0,0,73,0,10.8,13.9,29.4,0,0,0,0,0,0,0
2017,8,24,26,30.1,22,0,0,74,0,10.5,11.9,27.8,0,0,0,0,0,0,0
2017,8,25,25.5,29.7,21,0,0,73,0,10.9,10.9,18.3,35.2,0,0,0,0,0,0
2017,8,26,26.2,29.2,23,0,0,76,0,10.3,10,18.3,0,0,0,0,0,0,0
2017,8,27,26.1,29.1,24,0,0,78,0,10.1,10.4,22.2,33.5,0,0,0,0,0,0
2017,8,28,26.4,30.7,23,0,0,77,0,10.3,9.6,18.3,29.4,0,1,0,0,0,0
2017,8,29,26.8,31,24,0,0,68,0,11.1,13.9,33.5,0,0,0,0,0,0,0
2017,8,30,24.8,27.2,23,0,0,65,0,10.6,16.7,37,61.1,0,1,0,0,0,0
2017,8,31,22.6,24.1,20.6,0,0,80,0.51,10.8,12.2,25.9,42.4,0,1,0,0,1,0
2017,9,1,22.4,26,20,0,0,70,11.68,10.8,13.7,22.2,37,0,1,0,0,0,0
2017,9,2,22.5,26.2,17,0,0,52,0.76,11.1,16.7,25.9,38.9,0,1,0,0,0,0
2017,9,3,22.5,26.5,18,0,0,68,0,10.8,12.4,20.6,42.4,0,0,0,0,0,0
2017,9,4,23.6,27.5,20.8,0,0,74,1.52,10.8,12.6,27.8,0,0,1,0,0,0,0
2017,9,5,24.2,28.5,20,0,0,73,0,11.1,18.5,31.3,0,0,0,0,0,0,0
2017,9,6,24.8,28.5,22,0,0,78,0,10.6,13.1,29.4,0,0,1,0,0,1,0
2017,9,7,22.4,25.7,19,0,0,70,13.72,9.8,15.6,27.8,48.2,0,1,0,0,0,0
2017,9,8,22.2,26.1,19,0,0,67,0,10.5,12.8,24.1,0,0,0,0,0,0,0
2017,9,9,20.9,26.6,17,0,0,75,3.05,10.1,11.5,40.7,0,0,1,0,0,0,0
2017,9,10,20.3,28.7,14,0,0,55,0,11.1,15.6,31.3,44.6,0,0,0,0,0,0
2017,9,11,22.6,26.5,17,0,0,59,0,11.1,14.1,29.4,0,0,0,0,0,0,0
2017,9,12,21.8,23.5,20,0,0,79,5.59,10.3,13.5,25.9,0,0,1,0,0,0,0
2017,9,13,22.7,27,18,0,0,73,7.87,10.1,21.7,38.9,42.4,0,0,0,0,0,0
2017,9,14,23.6,27.2,18,0,0,76,0,10.1,17.8,38.9,0,0,1,0,0,0,0
2017,9,15,15.4,18.1,13,0,0,87,4.32,9.3,12.8,24.1,44.6,0,1,0,0,0,0
2017,9,16,16.7,21.7,12,0,0,66,4.32,11.3,15.4,24.1,44.6,0,0,0,0,0,0
2017,9,17,18.2,23.1,12,0,0,62,0,11.4,19.3,37,42.4,0,0,0,0,0,0
2017,9,18,19.8,21.7,18,0,0,70,0.51,10.8,15.7,29.4,0,0,1,0,0,0,0
2017,9,19,19.7,23.2,16,0,0,65,4.83,10.9,11.9,22.2,42.4,0,1,0,0,0,0
2017,9,20,19.3,24.1,15,0,0,66,0,10.9,13.1,24.1,38.9,0,0,0,0,0,0
2017,9,21,20.7,26,16,0,0,70,0,10.6,15.9,27.8,42.4,0,0,0,0,0,0
2017,9,22,20.8,24.5,18,0,0,80,0,10.1,11.5,24.1,0,0,1,0,0,1,1
2017,9,23,20.8,25.2,17,0,0,76,0,10.5,13,20.6,0,0,1,0,0,1,0
2017,9,24,21.7,25.5,18,0,0,80,0,10.3,14.1,29.4,35.2,0,0,0,0,0,0
2017,9,25,21.5,25.5,18,0,0,75,0,9.7,15.9,33.5,38.9,0,1,0,0,1,0
2017,9,26,21.1,24.7,17.7,0,0,66,1.78,11.4,12,22.2,0,0,0,0,0,0,0
2017,9,27,20.9,25.1,17,0,0,69,0,9.7,10.6,20.6,29.4,0,0,0,0,0,0
2017,9,28,20.9,25.2,18,0,0,74,0,10.5,10.9,14.8,31.7,0,0,0,0,0,0
2017,9,29,20.6,25,17,0,0,76,0,10.5,13.1,18.3,38.9,0,0,0,0,0,0
2017,9,30,20.4,24.1,17,0,0,80,0.76,10,15.2,29.4,37,0,1,0,0,0,0
2017,10,1,19.7,21.5,18,0,0,82,15.49,10,8.9,18.3,27.8,0,1,0,0,0,0
2017,10,2,21.2,24.7,19,0,0,79,0.76,11.3,8.9,14.8,0,0,1,0,0,0,0
2017,10,3,21.7,25.5,19,0,0,81,0,10.8,9.6,18.3,0,0,0,0,0,0,0
2017,10,4,21.3,25.2,19,0,0,83,0,10.5,9.1,18.3,0,0,0,0,0,0,0
2017,10,5,21.5,25.2,18,0,0,84,0,10.3,16.5,33.5,0,0,0,0,0,0,0
2017,10,6,21.7,26,19,0,0,78,0,10.1,14.1,22.2,55.4,0,0,0,0,0,0
2017,10,7,19.8,22.7,16,0,0,59,0,10.8,10.9,18.3,0,0,1,0,0,0,0
2017,10,8,18.8,24,14,0,0,70,0,10,14.6,22.2,38.9,0,0,0,0,0,0
2017,10,9,19.7,24.1,15,0,0,72,0,10.5,15.6,24.1,37,0,0,0,0,0,0
2017,10,10,20.3,24.7,17,0,0,78,0,10.5,10.9,18.3,35.2,0,0,0,0,0,0
2017,10,11,20.7,25,17,0,0,78,0,10,16.3,31.7,37,0,0,0,0,0,0
2017,10,12,20.9,25.2,17,0,0,81,0,10,14.4,24.1,0,0,0,0,0,0,0
2017,10,13,20.8,25.1,18,0,0,80,0,9.3,9.3,16.5,37,0,0,0,0,0,0
2017,10,14,20.8,24.6,18,0,0,80,0,10,11.7,18.3,37,0,1,0,0,0,0
2017,10,15,20.5,24.7,17,0,0,80,0,10.1,10,16.5,33.5,0,0,0,0,0,0
2017,10,16,20.4,24.7,17,0,0,74,0,10.3,10.4,16.5,35.2,0,0,0,0,0,0
2017,10,17,19.7,24.7,16,0,0,74,0,10.3,11.3,18.3,40.7,0,0,0,0,0,0
2017,10,18,19.3,23.7,16,0,0,80,0,9.3,10.4,44.6,0,0,1,0,0,1,0
2017,10,19,16.8,20.1,15,0,0,91,37.59,8.9,13.7,27.8,48.2,0,1,0,0,0,0
2017,10,20,18.7,23.2,16,0,0,85,40.89,9.3,8.5,18.3,0,0,1,0,0,0,0
2017,10,21,19.3,23.7,15,0,0,80,1.52,10.6,11.9,22.2,0,0,0,0,0,0,0
2017,10,22,18.4,22.2,15,0,0,56,0,10.3,14.8,29.4,46.5,0,1,0,0,0,0
2017,10,23,16.6,21.1,13,0,0,64,4.06,11.3,16.7,24.1,44.6,0,0,0,0,0,0
2017,10,24,17.2,22.7,12.7,0,0,63,0,11.3,13.7,20.6,0,0,0,0,0,0,0
2017,10,25,18,23.1,13,0,0,75,0,10.9,11.5,20.6,35.2,0,0,0,0,0,0
2017,10,26,18.3,23.2,14.8,0,0,84,0,9.7,11.3,18.3,38.9,0,0,0,0,0,0
2017,10,27,19.1,24.5,15,0,0,80,0,9.3,11.1,22.2,0,0,0,0,0,0,0
2017,10,28,18,23.2,15,0,0,74,0,9.7,13,24.1,44.6,0,0,0,0,0,0
2017,10,29,17.3,24.1,13,0,0,55,0,11.3,16.5,29.4,55.4,0,0,0,0,0,0
2017,10,30,16.2,20.6,12,0,0,68,0,10.5,14.8,27.8,50,0,1,0,0,0,0
2017,10,31,15.4,19.2,13,0,0,75,4.57,9.3,8.5,16.5,0,0,1,0,0,0,0
2017,11,1,15.1,20.7,11,0,0,76,0,10.5,13.5,24.1,0,0,0,0,0,0,0
2017,11,2,17.7,22.3,15,0,0,83,0.51,9.8,14.1,25.9,0,0,1,0,0,0,0
2017,11,3,17.3,22,14,0,0,81,0,10.1,11.5,22.2,0,0,0,0,0,0,0
2017,11,4,17.5,22.5,15,0,0,82,0,10,9.8,27.8,29.4,0,1,0,0,1,0
2017,11,5,16.6,21,14,0,0,62,4.83,10.9,13.3,25.9,46.5,0,0,0,0,0,0
2017,11,6,13.1,18,9,0,0,32,0,13,19.4,31.3,55.4,0,0,0,0,0,0
2017,11,7,10.4,17,6,0,0,41,0,0,15.7,25.9,40.7,0,0,0,0,0,0
2017,11,8,10,15.5,6,0,0,54,0,10.6,16.7,29.4,46.5,0,0,0,0,1,0
2017,11,9,10.3,16.2,6,0,0,60,0,10.5,15.9,29.4,46.5,0,0,0,0,0,0
2017,11,10,10.7,16.6,6,0,0,62,0,10.9,14.6,24.1,50,0,0,0,0,0,0
2017,11,11,11.9,17.1,8.8,0,0,68,0,11.6,14.4,25.9,40.7,0,0,0,0,0,0
2017,11,12,14.1,19.7,10.9,0,0,67,0,0,15.2,29.4,44.6,0,0,0,0,0,0
2017,11,13,13.7,17.7,9,0,0,35,0,11.6,15.9,33.5,48.2,0,0,0,0,0,0
2017,11,14,10.4,16.7,6.7,0,0,41,0,15,16.3,27.8,42.4,0,0,0,0,0,0
2017,11,15,9.3,16.7,4.7,0,0,55,0,12.6,16.5,31.7,53.5,0,0,0,0,0,0
2017,11,16,10.2,17.2,5,0,0,67,0,10.6,14.6,24.1,0,0,0,0,0,0,0
2017,11,17,11.5,19.1,6,0,0,57,0,0,17.2,25.9,48.2,0,0,0,0,0,0
2017,11,18,11.9,19.7,7,0,0,64,0,10.8,15.7,27.8,44.6,0,0,0,0,0,0
2017,11,19,11.3,18.2,7,0,0,66,0,0,17.4,25.9,50,0,0,0,0,0,0
2017,11,20,11.3,18.1,6,0,0,62,0,0,16.9,25.9,48.2,0,0,0,0,0,0
2017,11,21,12.1,19.2,7,0,0,60,0,10.9,15.6,27.8,35.2,0,0,0,0,0,0
2017,11,22,12.1,19,7,0,0,74,0,9.5,13.1,18.3,37,0,0,0,0,0,0
2017,11,23,13.2,19.1,9,0,0,84,0,8.4,16.3,25.9,27.8,0,0,0,0,0,0
2017,11,24,14.4,21,10,0,0,69,0,9.8,13,24.1,29.4,1,0,0,0,0,0
2017,11,25,13.7,17.5,9.8,0,0,68,0,10.5,9.1,24.1,33.5,0,0,0,0,0,0
2017,11,26,10.1,15.8,7,0,0,53,0,10.3,15,25.9,44.6,0,0,0,0,0,0
2017,11,27,8.7,14.5,5,0,0,61,0,10.6,15.6,27.8,40.7,0,0,0,0,0,0
2017,11,28,9.1,16.5,5,0,0,56,0,11.4,16.1,25.9,48.2,0,0,0,0,0,0
2017,11,29,8.4,14,4,0,0,64,0,10.6,16.5,25.9,50,0,0,0,0,0,0
2017,11,30,7.5,14.2,3,0,0,48,0,10.5,16.9,27.8,51.9,0,0,0,0,0,0
2017,12,1,6.2,8,3,0,0,66,0.25,10.9,11.9,22.2,31.7,0,1,0,0,0,0
2017,12,2,6.3,11,2,0,0,36,0,10.8,19.4,33.5,42.4,0,0,0,0,0,0
2017,12,3,7.1,13.2,3,0,0,31,0,12.1,21.3,31.7,48.2,0,0,0,0,0,0
2017,12,4,6.9,14.2,2,0,0,46,0,10,17.8,25.9,50,0,0,0,0,0,0
2017,12,5,7,13.7,2.7,0,0,65,0,12.1,16.5,25.9,44.6,0,0,0,0,0,0
2017,12,6,7.2,14.7,2,0,0,71,0,10.9,17.2,27.8,37,0,0,0,0,0,0
2017,12,7,8.7,15,4,0,0,69,0,11.3,17,25.9,40.7,0,0,0,0,0,0
2017,12,8,8.1,12,5,0,0,62,0,10.5,19.3,31.7,59.4,0,0,0,0,0,0
2017,12,9,7.7,12.5,5,0,0,70,0,10.1,13.9,25.9,48.2,0,0,0,0,0,0
2017,12,10,12.9,17.7,7.1,0,0,75,0,10.3,14.1,31.7,38.9,0,0,0,0,0,0
2017,12,11,13.8,17,8,0,0,70,0.76,10.1,28.3,53.5,64.8,0,1,0,0,0,0
2017,12,12,8.3,11.7,5,0,0,67,1.02,10.6,15,27.8,44.6,0,0,0,0,0,0
2017,12,13,7.7,13.2,3,0,0,62,0,11.4,17.6,27.8,44.6,0,0,0,0,0,0
2017,12,14,12.1,16,8.7,0,0,72,0,10.8,9.4,22.2,35.2,0,0,0,0,0,0
2017,12,15,12.4,17.2,6.8,0,0,63,0,9.7,10.6,38.9,46.5,0,1,0,0,0,0
2017,12,16,8.9,14.5,5,0,0,52,0,12.9,19.3,37,61.1,0,0,0,0,0,0
2017,12,17,7.6,14.6,4,0,0,46,0,10.6,13.3,22.2,38.9,0,0,0,0,0,0
2017,12,18,7.1,10,4,0,0,62,0,10.9,15.6,27.8,48.2,0,1,0,0,0,0
2017,12,19,7.7,12.6,3,0,0,67,0,10.5,15,24.1,0,0,0,0,0,0,0
2017,12,20,7.9,13,3,0,0,65,0,10.8,15.2,24.1,44.6,0,0,0,0,0,0
2017,12,21,9.6,15.2,7,0,0,63,0,10.1,11.9,20.6,0,0,0,0,0,0,0
2017,12,22,10.4,16.1,7,0,0,63,0,10.9,20.7,29.4,48.2,0,0,0,0,0,0
2017,12,23,9.2,14.7,6,0,0,73,0,12.6,16.7,24.1,40.7,0,0,0,0,0,0
2017,12,24,8.4,15,4,0,0,77,0,10.3,18.5,27.8,50,0,0,0,0,0,0
2017,12,25,9.1,15.7,5.9,0,0,75,0,10.6,13,18.3,0,0,0,0,0,0,0
2017,12,26,9.2,15,6,0,0,69,0,10,10.7,18.3,35.2,0,0,0,0,0,0
2017,12,27,10.6,14.5,7,0,0,55,1.02,10.6,24.6,51.9,98.2,0,1,0,0,0,0
2017,12,28,8.5,13.1,5,0,0,61,0,10.9,10.6,29.4,0,0,0,0,0,0,0
2017,12,29,8.4,15.6,4,0,0,73,0,10.8,11.3,20.6,38.9,0,1,0,0,0,0
2017,12,30,14.4,21.6,6.6,0,0,62,0,10.9,14.4,25.9,44.6,0,0,0,0,0,0
2017,12,31,0,0,0,0,0,0,0,0,0,0,0,0,0,0,0,0,0
2018,1,1,13.2,16,10.5,0,0,54,0,0,16.3,22.2,42.8,0,0,0,0,0,0
2018,1,2,14.3,17.1,11.6,0,0,63,0,0,9.4,19.1,34.8,0,0,0,0,0,0
2018,1,3,17.8,21.2,14,0,0,63,0,0,16.5,30.9,61.5,0,0,0,0,0,0
2018,1,4,19.1,21.5,17.1,0,0,58,0,0,18.3,32.4,59.1,0,0,0,0,0,0
2018,1,5,16.2,19.4,14.2,0,0,55,0,0,13.1,25.2,46.1,0,0,0,0,0,0
2018,1,6,12.8,16.6,10.1,0,0,83,0,0,23.7,47,64.8,0,0,0,0,0,0
2018,1,7,12.2,15.1,9.5,0,0,81,0.51,0,13.9,23.7,30.9,0,1,0,0,0,0
2018,1,8,9.9,14,7.1,0,0,73,4.57,0,7.4,11.1,21.3,0,0,0,0,0,0
2018,1,9,10.2,14.2,6.6,0,0,56,0,0,9.1,15.7,33.9,0,0,0,0,0,0
2018,1,10,11.4,14.1,9.2,0,0,53,65.02,0,11.3,20.9,40.9,0,1,0,0,0,0
2018,1,11,10.7,13.2,8.7,0,0,60,0,0,8.3,14.8,29.4,0,0,0,0,0,0
2018,1,12,9.2,12.7,6.5,0,0,62,0,0,7.6,15.2,27.4,0,0,0,0,0,0
2018,1,13,9.6,13.1,4.7,0,0,72,0,0,10.2,33.9,43.2,0,1,0,0,0,0
2018,1,14,10,13.1,8.5,0,0,72,5.84,0,8.5,18.3,29.4,0,1,0,0,0,0
2018,1,15,9.2,12,6.4,0,0,66,0,0,10.9,18,34.8,0,0,0,0,0,0
2018,1,16,12.8,16.1,9.4,0,0,58,0,0,10.6,18.3,36.7,0,0,0,0,0,0
2018,1,17,14.1,16.1,12,0,0,69,0,0,9.6,23.3,58.7,0,1,0,0,0,0
2018,1,18,11.7,14,9.6,0,0,62,1.52,0,7.2,13.7,24.1,0,0,0,0,0,0
2018,1,19,9.9,12.7,7.2,0,0,72,0,0,6.3,10.4,30.6,0,0,0,0,0,0
2018,1,20,12.7,16.1,9,0,0,61,0,0,9.6,25.9,45.7,0,0,0,0,0,0
2018,1,21,17.2,21.7,14.5,0,0,58,0,0,14.6,29.4,59.1,0,0,0,0,0,0
2018,1,22,15.2,19.8,13,0,0,66,0,0,9.3,19.8,35.6,0,0,0,0,0,0
2018,1,23,13.2,16.5,10.5,0,0,77,0,0,5.9,10.7,19.4,0,0,0,0,0,0
2018,1,24,12.2,15.5,8.1,0,0,82,0,0,8.3,15.6,23,0,0,0,0,0,0
2018,1,25,12.8,13.6,11,0,0,83,0,0,9.3,16.1,23.3,0,0,0,0,0,0
2018,1,26,9.6,13.2,7.2,0,0,87,17.02,0,12.2,38.2,42,0,1,0,0,0,0
2018,1,27,10.6,13.1,8.1,0,0,67,20.32,0,10.2,26.3,37,0,0,0,0,0,0
2018,1,28,12.6,14.2,11.2,0,0,69,0,0,8.5,19.1,29.4,0,0,0,0,0,0
2018,1,29,11.7,14.7,8,0,0,71,0,0,5.4,19.8,24.8,0,0,0,0,0,0
2018,1,30,10.6,14,7.5,0,0,77,0,0,5.4,16.1,21.3,0,0,0,0,0,0
2018,1,31,10.9,15.2,6,0,0,72,0,0,11.3,24.8,38.5,0,0,0,0,0,0
2018,2,1,9.3,11.9,6.6,0,0,78,5.08,0,10.2,33.9,45,0,1,0,0,0,0
2018,2,2,8.2,10.5,6.2,0,0,61,1.52,0,8.5,14.8,27.8,0,0,0,0,0,0
2018,2,3,8.7,11.7,5,0,0,45,0,0,10.7,26.3,48.2,0,0,0,0,0,0
2018,2,4,8.4,10.9,6.9,0,0,79,1.78,0,26.9,47.4,59.1,0,1,0,0,0,0
2018,2,5,9.2,10.5,6.7,0,0,90,15.24,0,16.7,34.8,40.7,0,1,0,0,0,0
2018,2,6,9.1,11,7.5,0,0,77,12.95,0,13,25.2,32,0,1,0,0,0,0
2018,2,7,7.6,10.5,4.7,0,0,54,0.51,0,8.1,17.2,27,0,0,0,0,0,0
2018,2,8,4,8.8,1.1,0,0,76,2.79,0,9.6,18.7,27,0,1,0,0,0,0
2018,2,9,5.8,10.2,1.2,0,0,59,35.05,0,9.1,21.7,56.5,0,0,0,0,0,0
2018,2,10,8,11.7,5.1,0,0,43,0,0,10.4,17.2,31.3,0,0,0,0,0,0
2018,2,11,9.7,13.7,4.6,0,0,57,0,0,9.4,17.6,28.7,0,0,0,0,0,0
2018,2,12,7.8,12.9,2.6,0,0,89,0.51,0,15,37,43.9,0,1,0,0,0,0
2018,2,13,6.2,10,2,0,0,63,16.51,0,9.4,16.1,36.3,0,0,0,0,0,0
2018,2,14,8.4,11,4.5,0,0,68,0,0,7.6,13.7,24.8,0,0,0,0,0,0
2018,2,15,11.6,14.7,8.2,0,0,82,0,0,6.1,15.6,20.9,0,0,0,0,0,0
2018,2,16,12.9,16.1,10.8,0,0,84,0,0,5.2,13.7,23.3,0,0,0,0,0,0
2018,2,17,11.3,13.3,10,0,0,90,0,0,9.4,22.2,26.7,0,0,0,0,0,0
2018,2,18,11.3,14,8.5,0,0,69,0,0,7.6,15.2,27.8,0,1,0,0,0,0
2018,2,19,10.7,12.6,8.4,0,0,77,0,0,6.5,11.9,19.4,0,0,0,0,0,0
2018,2,20,11.9,14.6,10.6,0,0,81,0,0,7,18.3,23.3,0,0,0,0,0,0
2018,2,21,10.3,14.2,6.2,0,0,58,0,0,13.1,42.4,50,0,0,0,0,0,0
2018,2,22,7.3,10,4.2,0,0,59,0,0,11.7,26.3,33.2,0,0,0,0,0,0
2018,2,23,7.5,9.7,5.2,0,0,67,0,0,9.6,21.7,26.7,0,0,0,0,0,0
2018,2,24,8.3,11.2,4.2,0,0,64,0,0,9.4,23.3,30.9,0,0,0,0,0,0
2018,2,25,10.6,14,7.1,0,0,59,0,0,7.6,30.9,36.3,0,0,0,0,0,0
2018,2,26,7.3,13,2.7,0,0,73,0,0,20.4,45,55,0,0,0,0,0,0
2018,2,27,2.4,5.3,0.8,0,0,67,0,0,9.6,28.2,48.5,0,1,0,0,0,0
2018,2,28,4.1,7.2,0.1,0,0,87,3.05,0,14.1,27.4,44.6,0,1,0,0,0,0
2018,3,1,11.2,14.1,7.1,0,0,93,0,0,12.4,24.8,39.6,0,1,0,0,0,0
2018,3,2,12.1,14.7,9.7,0,0,49,0.76,0,17.8,39.3,87.4,0,1,0,0,0,0
2018,3,3,13.7,18.5,9.9,0,0,62,3.05,0,12.8,25.2,50.4,0,1,0,0,0,0
2018,3,4,12.8,15.2,10.4,0,0,81,0,0,8.3,21.7,27.8,0,1,0,0,0,0
2018,3,5,11.4,14.1,9.5,0,0,83,1.27,0,9.4,18,30.6,0,1,0,0,0,0
2018,3,6,12.5,16.7,9.2,0,0,56,3.56,0,12.4,27,51.1,0,0,0,0,0,0
2018,3,7,12.2,16.2,8.3,0,0,49,0,0,10.9,18.7,34.4,0,0,0,0,0,0
2018,3,8,11.4,14.5,8.2,0,0,66,0,0,10.4,25.2,35.2,0,0,0,0,0,0
2018,3,9,12.3,14.1,9.9,0,0,86,0,0,10.6,22.2,29.8,0,0,0,0,0,0
2018,3,10,14.4,18.5,12.5,0,0,85,0,0,13.1,23.3,43.5,0,1,0,0,0,0
2018,3,11,14.9,18.2,12.7,0,0,60,0.76,0,15,28.2,50.7,0,0,0,0,0,0
2018,3,12,14.9,18.7,12.1,0,0,46,0,0,11.9,25.9,52.6,0,0,0,0,0,0
2018,3,13,12.3,17,9.9,0,0,66,0,0,8.1,21.9,29.1,0,0,0,0,0,0
2018,3,14,12.1,14.2,8.4,0,0,80,0,0,9.4,18,26.7,0,0,0,0,0,0
2018,3,15,14.9,19,12.3,0,0,56,0.25,0,11.3,21.3,39.3,0,1,0,0,0,0
2018,3,16,14.1,16.2,11.3,0,0,49,0,0,11.9,27.4,34.4,0,0,0,0,0,0
2018,3,17,11,15.2,8,0,0,53,0.25,0,14.6,21.9,39.6,0,1,0,0,0,0
2018,3,18,9.9,13.5,6.4,0,0,60,0.25,0,10.2,19.8,27.4,0,0,0,0,0,0
2018,3,19,10.2,15,6.5,0,0,59,0,0,13,30.6,41.7,0,0,0,0,0,0
2018,3,20,8,11.7,2.6,0,0,64,25.15,0,11.7,24.4,43.9,0,1,0,0,0,0
2018,3,21,9.6,12.2,5.4,0,0,34,0,0,12.2,22.6,34.4,0,0,0,0,0,0
2018,3,22,10.7,16.2,5.6,0,0,34,0,0,11.5,30.6,37.4,0,0,0,0,0,0
2018,3,23,11.7,15.7,8.1,0,0,50,0,0,8.9,18.7,25.2,0,0,0,0,0,0
2018,3,24,8.7,11.3,6.7,0,0,83,1.78,0,9.8,18.7,37,0,1,0,0,0,0
2018,3,25,10.7,12.6,7.1,0,0,66,32,0,7.8,15.6,34.8,0,1,0,0,0,0
2018,3,26,12.1,15.5,8.7,0,0,70,0,0,8.9,21.7,28.7,0,1,0,0,0,0
2018,3,27,11.7,13.7,8.9,0,0,69,1.78,0,11.1,24.4,30.9,0,0,0,0,0,0
2018,3,28,14.4,19.2,11.2,0,0,71,0,0,10.7,28.7,45.7,0,0,0,0,0,0
2018,3,29,13,17.7,10.7,0,0,79,0,0,10.2,23.3,28.3,0,0,0,0,0,0
2018,3,30,13.9,19,11.1,0,0,53,0,0,11.7,32,57.6,0,0,0,0,0,0
2018,3,31,12.8,17,9.1,0,0,44,0,0,20.4,33.9,63.7,0,0,0,0,0,0
2018,4,1,11.9,14.9,8.7,0,0,56,0,0,11.3,20.9,31.7,0,0,0,0,0,0
2018,4,2,12.2,14.5,9.6,0,0,77,0,0,10,19.1,24.1,0,0,0,0,0,0
2018,4,3,13.8,15.6,12.2,0,0,82,0,0,11.1,23,32,0,0,0,0,0,0
2018,4,4,17.3,21.6,12.9,0,0,50,0,0,12.6,20.2,43.5,0,0,0,0,0,0
2018,4,5,14.5,19.7,12.6,0,0,67,0,0,10,16.5,29.8,0,0,0,0,0,0
2018,4,6,13.4,15.5,10.5,0,0,82,0,0,10.6,24.4,29.8,0,0,0,0,0,0
2018,4,7,13.8,14.7,12.7,0,0,76,0,0,33.3,40.9,54.3,0,0,0,0,0,0
2018,4,8,13.3,14.5,12.2,0,0,79,0,0,15.2,30.9,37.8,0,1,0,0,0,0
2018,4,9,13.2,15,10.7,0,0,75,6.1,0,11.5,24.4,37.4,0,0,0,0,0,0
2018,4,10,12.3,14.7,9.6,0,0,67,0,0,14.1,29.1,40.9,0,1,0,0,0,0
2018,4,11,10.8,13.2,9.5,0,0,87,17.27,0,27,53.5,71.7,0,1,0,0,0,0
2018,4,12,12.1,15,8.8,0,0,70,3.3,0,12.2,25.9,35.6,0,0,0,0,0,0
2018,4,13,12.6,14,11,0,0,91,0,0,15,25.2,34.3,0,1,0,0,0,0
2018,4,14,13.4,14.5,12.2,0,0,81,1.02,0,10.2,20.2,27.4,0,1,0,0,0,0
2018,4,15,16.1,20.6,13.7,0,0,60,7.62,0,10.6,24.1,31.7,0,0,0,0,0,0
2018,4,16,14.5,18.3,13.1,0,0,78,0,0,7.4,16.9,27,0,0,0,0,0,0
2018,4,17,16.7,19.5,13.9,0,0,69,0,0,8,18,25.6,0,0,0,0,0,0
2018,4,18,18.2,23,14.3,0,0,62,0,0,8.9,15.2,19.1,0,0,0,0,0,0
2018,4,19,16.7,20.1,14.7,0,0,71,0,0,10.4,19.4,24.4,0,0,0,0,0,0
2018,4,20,16.6,19.5,14.1,0,0,74,0,0,6.5,9.4,0,0,0,0,0,0,0
2018,4,21,17.2,20.2,13.5,0,0,69,0,0,9.1,18.3,24.8,0,0,0,0,0,0
2018,4,22,17.7,20.7,14.5,0,0,66,0,0,9.1,22.6,30.2,0,0,0,0,0,0
2018,4,23,17.7,20.1,15,0,0,77,0,0,6.1,11.9,0,0,0,0,0,0,0
2018,4,24,19.2,23.7,15,0,0,65,0,0,5.2,9.6,0,0,0,0,0,0,0
2018,4,25,18.4,21.2,16.1,0,0,76,0,0,8.7,21.3,27.4,0,0,0,0,0,0
2018,4,26,18,19.5,16.2,0,0,76,0,0,10.9,20.9,27.4,0,0,0,0,0,0
2018,4,27,17.2,21.2,14.3,0,0,79,0,0,10.7,28.2,40.9,0,1,0,0,0,0
2018,4,28,17.4,20,15.5,0,0,84,0.25,0,8.7,14.8,23,0,0,0,0,0,0
2018,4,29,15.8,17.7,14.1,0,0,68,0,0,14.4,35.9,58.3,0,1,0,0,0,0
2018,4,30,14.6,16.2,12.2,0,0,52,2.54,0,15,30.6,39.6,0,0,0,0,0,0
2018,5,1,11.7,15.3,8.7,0,0,70,58.42,0,8.1,24.4,29.8,0,1,0,0,0,0
2018,5,2,13.6,16.6,8.2,0,0,66,12.7,0,10.2,21.7,28.2,0,0,0,0,0,0
2018,5,3,16.4,22.5,12.4,0,0,65,0,0,7.6,19.8,28.2,0,1,0,0,0,0
2018,5,4,15.6,17.5,12.9,0,0,60,0.76,0,8.5,16.1,24.1,0,1,0,0,0,0
2018,5,5,17.1,20,15.6,0,0,71,0.25,0,6.9,12.2,24.8,0,1,0,0,0,0
2018,5,6,17.1,21.7,14.7,0,0,78,3.3,0,8.7,17.6,25.2,0,1,0,0,0,0
2018,5,7,17.3,19.5,15.6,0,0,84,3.3,0,8,21.3,27,0,0,0,0,0,0
2018,5,8,16.9,19.4,14.7,0,0,88,0,0,8,15.6,21.9,0,1,0,0,0,0
2018,5,9,16.9,20.7,14.6,0,0,81,0.25,0,7.6,17.6,25.2,0,0,0,0,0,0
2018,5,10,17.1,19.5,15.4,0,0,81,0,0,8.9,18.3,21.3,0,0,0,0,0,0
2018,5,11,17.7,20.7,15.2,0,0,75,0,0,14.8,30.2,51.1,0,0,0,0,0,0
2018,5,12,16.4,18.2,13.1,0,0,88,0,0,12.2,24.1,30.2,0,1,0,0,0,0
2018,5,13,13.1,16.3,9.9,0,0,63,11.94,0,10.4,23.7,34.8,0,1,0,0,0,0
2018,5,14,13.8,16.2,10.5,0,0,56,0,0,13.3,28.2,33.9,0,0,0,0,0,0
2018,5,15,15.6,19.5,11.9,0,0,62,0,0,10.9,25.9,40.4,0,0,0,0,0,0
2018,5,16,17,20.1,13.2,0,0,74,0,0,5.9,10.4,0,0,0,0,0,0,0
2018,5,17,18.3,20.7,15.7,0,0,70,0,0,7.2,19.1,23.7,0,0,0,0,0,0
2018,5,18,18.6,20.7,16.7,0,0,68,0,0,7,11.1,19.1,0,0,0,0,0,0
2018,5,19,19.3,22,15.3,0,0,66,0,0,6.3,13.7,18.7,0,0,0,0,0,0
2018,5,20,19.2,22,16.1,0,0,70,0,0,9.3,16.1,20.9,0,0,0,0,0,0
2018,5,21,17.9,21.2,15.6,0,0,75,0,0,6.5,12.2,22.2,0,0,0,0,0,0
2018,5,22,18.5,21,16.7,0,0,77,0,0,9.6,16.1,20.2,0,0,0,0,0,0
2018,5,23,18.4,20.7,15.7,0,0,84,0,0,12.6,25.6,30.6,0,0,0,0,0,0
2018,5,24,19.6,22.5,17.4,0,0,81,0,0,7.4,13.3,19.8,0,0,0,0,0,0
2018,5,25,19.1,21.2,17.1,0,0,68,0,0,20.2,33.5,39.6,0,0,0,0,0,0
2018,5,26,19.3,20.6,17.7,0,0,81,1.78,0,26.1,35.2,42.8,0,1,0,0,0,0
2018,5,27,19.8,21.2,18.8,0,0,76,0,0,21.7,37,43.9,0,0,0,0,0,0
2018,5,28,19.4,21.2,18.2,0,0,86,0,0,15.7,29.4,33.9,0,0,0,0,0,0
2018,5,29,20.1,23.5,18.2,0,0,77,0,0,15.9,29.4,37.8,0,1,0,0,0,0
2018,5,30,19.7,21.8,18.5,0,0,76,2.03,0,12,23.3,27,0,1,0,0,0,0
2018,5,31,20.3,22.1,16.8,0,0,75,0.25,0,7.8,12.2,19.1,0,0,0,0,0,0
2018,6,1,20.4,22.5,17.7,0,0,79,0,0,7.8,15.2,19.1,0,0,0,0,0,0
2018,6,2,20.2,23.5,18.2,0,0,81,0,0,7.6,13.3,18,0,0,0,0,0,0
2018,6,3,18.4,20.8,17.1,0,0,87,6.86,0,12.6,39.3,50,0,1,0,0,0,0
2018,6,4,19.2,21,15.8,0,0,83,0,0,10.7,20.9,25.6,0,0,0,0,0,0
2018,6,5,19.8,22.2,17.8,0,0,86,0,0,9.4,20.9,23.7,0,0,0,0,0,0
2018,6,6,19,21.6,16.4,0,0,78,0.25,0,10,17.2,26.3,0,0,0,0,0,0
2018,6,7,19.6,21.7,17.4,0,0,74,1.02,0,7.8,15.2,23.3,0,1,0,0,0,0
2018,6,8,20.1,22,17.1,0,0,80,0,0,12.2,23.7,29.1,0,0,0,0,0,0
2018,6,9,21.2,23.1,19.1,0,0,75,0,0,10,21.7,28.7,0,0,0,0,0,0
2018,6,10,21.8,24.5,19.7,0,0,69,0,0,13.3,29.8,35.6,0,1,0,0,0,0
2018,6,11,22.8,25.7,20.2,0,0,63,0,0,15,29.1,40.4,0,0,0,0,0,0
2018,6,12,21.9,25,19,0,0,65,0,0,12.6,21.9,43.2,0,0,0,0,0,0
2018,6,13,21.5,25,18.2,0,0,64,0,0,9.8,25.9,33.5,0,0,0,0,0,0
2018,6,14,21.2,23,19.3,0,0,69,0,0,11.1,19.1,26.3,0,0,0,0,0,0
2018,6,15,21.4,23.7,19.2,0,0,68,0,0,8.7,19.8,23.3,0,0,0,0,0,0
2018,6,16,21.2,22.6,19.6,0,0,75,0,0,11.1,23,29.4,0,0,0,0,0,0
2018,6,17,22.1,24.5,19.7,0,0,76,0,0,7.8,15.2,19.4,0,0,0,0,0,0
2018,6,18,21.9,23.5,20.2,0,0,78,0,0,10.9,25.6,29.1,0,0,0,0,0,0
2018,6,19,22.2,24.7,19.9,0,0,72,0,0,11.1,20.6,25.6,0,0,0,0,0,0
2018,6,20,23.9,26.2,20.1,0,0,69,0,0,5.2,10,0,0,0,0,0,0,0
2018,6,21,24,26.2,20.4,0,0,69,0,0,9.3,22.2,25.9,0,0,0,0,0,0
2018,6,22,24.3,26.2,21.9,0,0,74,0,0,9.3,23,29.4,0,0,0,0,0,0
2018,6,23,23.1,25.2,21.7,0,0,66,0,0,7.6,17.2,21.3,0,0,0,0,0,0
2018,6,24,23.3,25.5,21.4,0,0,62,0,0,7.6,12.2,20.2,0,0,0,0,0,0
2018,6,25,23.4,25.7,21.7,0,0,67,0,0,9.4,20.2,27.4,0,0,0,0,0,0
2018,6,26,24.1,26,21.7,0,0,70,0,0,8.3,14.8,20.2,0,0,0,0,0,0
2018,6,27,25.4,26.2,24.2,0,0,67,0,0,13.3,25.2,38.5,0,0,0,0,0,0
2018,6,28,23.6,26,21.2,0,0,80,1.02,0,11.1,24.1,27.8,0,1,0,0,0,0
2018,6,29,23.9,27,20.9,0,0,77,0,0,9.6,15.7,21.7,0,0,0,0,0,0
2018,6,30,23.3,25.2,21.1,0,0,79,0,0,12.4,20.9,23.3,0,0,0,0,0,0
2018,7,1,24,26.5,21.4,0,0,75,0,0,9.8,17.6,19.8,0,0,0,0,0,0
2018,7,2,24.2,27,22.1,0,0,83,0,0,9.3,21.3,23.7,0,0,0,0,0,0
2018,7,3,25.7,26.6,25.1,0,0,83,0,0,18.5,21.9,27,0,0,0,0,0,0
2018,7,4,0,0,0,0,0,0,0,0,0,0,0,0,0,0,0,0,0
2018,7,5,0,0,0,0,0,0,0,0,0,0,0,0,0,0,0,0,0
2018,7,6,24.9,25.6,24.5,0,0,74,0,0,13,18,22.6,0,0,0,0,0,0
2018,7,7,24.4,27.1,22.2,0,0,78,0,0,12.2,27.4,34.3,0,0,0,0,0,0
2018,7,8,25.9,29.5,23.2,0,0,64,0,0,8.3,13.7,19.1,0,0,0,0,0,0
2018,7,9,25.7,29.7,23.2,0,0,74,0,0,12.6,27,40.4,0,0,0,0,0,0
2018,7,10,25.5,27.5,23.2,0,0,71,0,0,12.8,26.7,34.8,0,0,0,0,0,0
2018,7,11,25.4,28.5,23.2,0,0,77,0,0,9.8,18,24.8,0,0,0,0,0,0
2018,7,12,24.6,26.1,22.9,0,0,68,0,0,16.3,28.2,33.2,0,1,0,0,0,0
2018,7,13,24.8,27,23.1,0,0,66,0,0,12.4,24.8,29.1,0,0,0,0,0,0
2018,7,14,26.4,29,22.9,0,0,56,0,0,8.9,20.6,24.1,0,0,0,0,0,0
2018,7,15,26,28.1,22.5,0,0,71,0,0,8.1,15.7,22.2,0,0,0,0,0,0
2018,7,16,24.4,26.6,20.2,0,0,76,9.91,0,11.9,23.3,33.5,0,1,0,0,0,0
2018,7,17,25.4,28.2,22.2,0,0,69,0,0,9.8,14.8,27.8,0,0,0,0,0,0
2018,7,18,25.3,27.6,22.7,0,0,72,0,0,8.5,21.3,25.6,0,0,0,0,0,0
2018,7,19,25.5,28,23.2,0,0,76,0,0,11.1,21.7,28.2,0,0,0,0,0,0
2018,7,20,26.1,28.7,22.7,0,0,70,0,0,9.8,14.8,19.4,0,0,0,0,0,0
2018,7,21,24.5,27.2,23.5,0,0,70,0,0,15.2,30.6,36.3,0,0,0,0,0,0
2018,7,22,22.9,25,20.5,0,0,78,0,0,9.8,21.7,35.6,0,1,0,0,0,0
2018,7,23,24.2,26.6,20.5,0,0,78,3.3,0,14.1,27.8,36.7,0,0,0,0,0,0
2018,7,24,25.2,27,24,0,0,83,0,0,12.6,30.9,35.6,0,0,0,0,0,0
2018,7,25,26.2,29.2,22.5,0,0,61,0,0,9.1,18,21.7,0,0,0,0,0,0
2018,7,26,26.6,28.6,24.9,0,0,59,0,0,12.8,25.9,30.9,0,0,0,0,0,0
2018,7,27,26,28.3,23.5,0,0,72,0,0,13.7,28.2,36.3,0,0,0,0,0,0
2018,7,28,25.7,28.6,23.7,0,0,82,0,0,10.9,23,27.8,0,0,0,0,0,0
2018,7,29,25.6,27.6,23.6,0,0,83,0,0,10.7,26.7,30.6,0,0,0,0,0,0
2018,7,30,26.7,29,24.3,0,0,77,0,0,7.6,13.7,19.8,0,0,0,0,0,0
2018,7,31,27.1,29.7,24.2,0,0,74,0,0,6.7,16.1,19.4,0,0,0,0,0,0
2018,8,1,28,31.1,24.3,0,0,63,0,0,9.6,21.3,27.4,0,0,0,0,0,0
2018,8,2,28.7,30.1,26.6,0,0,61,0,0,9.3,19.4,22.2,0,0,0,0,0,0
2018,8,3,29.6,32.1,27.1,0,0,59,0,0,5.9,13,18,0,0,0,0,0,0
2018,8,4,29.4,31.6,27.2,0,0,64,0,0,6.7,24.8,28.7,0,0,0,0,0,0
2018,8,5,30.1,33.2,27.2,0,0,59,0,0,6.9,13,0,0,0,0,0,0,0
2018,8,6,28.4,31,26.2,0,0,74,0,0,8.1,13.7,19.1,0,0,0,0,0,0
2018,8,7,27.7,28.6,26.2,0,0,81,0,0,12.4,27.4,33.2,0,0,0,0,0,0
2018,8,8,27.6,29.7,25.9,0,0,79,0,0,13.5,23,25.9,0,0,0,0,0,0
2018,8,9,25.9,29.2,22.7,0,0,80,0.51,0,10,20.2,26.7,0,1,0,0,0,0
2018,8,10,24.2,26.7,21.5,0,0,65,2.79,0,11.5,20.6,24.1,0,0,0,0,0,0
2018,8,11,24.8,27,21.9,0,0,67,0,0,9.6,18,21.3,0,0,0,0,0,0
2018,8,12,26.4,28.6,24.3,0,0,75,0,0,14.3,29.4,39.6,0,0,0,0,0,0
2018,8,13,25.2,27.4,24,0,0,72,0,0,15.9,28.3,33.9,0,0,0,0,0,0
2018,8,14,24.4,26,22.6,0,0,74,0,0,13.3,27,35.9,0,1,0,0,0,0
2018,8,15,24.9,26.2,23.4,0,0,73,0,0,12.2,28.3,32,0,0,0,0,0,0
2018,8,16,25.8,27.6,23.9,0,0,74,0,0,11.5,25.6,34.4,0,0,0,0,0,0
2018,8,17,23.6,28.5,19.2,0,0,74,25.91,0,9.8,31.7,59.6,0,1,0,0,0,0
2018,8,18,23.5,26.6,19.9,0,0,63,0,0,8.9,18,22.6,0,0,0,0,0,0
2018,8,19,25.4,28,22.3,0,0,63,0,0,9.3,20.9,28.2,0,0,0,0,0,0
2018,8,20,26.1,28,23.6,0,0,68,0,0,9.3,20.9,26.3,0,0,0,0,0,0
2018,8,21,26.2,28.7,22.7,0,0,66,0,0,10.2,23,27.4,0,0,0,0,0,0
2018,8,22,26.4,30.5,23,0,0,67,0,0,7.4,10.4,0,0,0,0,0,0,0
2018,8,23,26.2,27.7,23.1,0,0,67,0,0,9.3,23.3,27.8,0,0,0,0,0,0
2018,8,24,25.6,28.5,23,0,0,69,0,0,8.5,16.1,20.9,0,0,0,0,0,0
2018,8,25,23.6,25.7,22.2,0,0,69,0,0,13.9,25.9,34.3,0,0,0,0,0,0
2018,8,26,22.7,24,21,0,0,72,0,0,13,28.3,39.3,0,0,0,0,0,0
2018,8,27,24.6,27.1,22,0,0,79,0,0,10.6,20.2,24.4,0,0,0,0,0,0
2018,8,28,25.5,27.5,23.7,0,0,80,0,0,14.4,26.7,41.3,0,0,0,0,0,0
2018,8,29,25.3,27.1,24.1,0,0,80,1.27,0,10,23.3,28.7,0,1,0,0,0,0
2018,8,30,25.1,27.2,22.9,0,0,72,0,0,13.7,28.3,36.7,0,1,0,0,0,0
2018,8,31,22.9,24.9,20.7,0,0,79,15.49,0,13.7,28.2,37.8,0,1,0,0,0,0
2018,9,1,23.5,25,22.5,0,0,72,14.48,0,8.5,17.6,31.3,0,1,0,0,0,0
2018,9,2,24.1,26.2,22,0,0,69,0,0,13.7,25.2,29.1,0,0,0,0,0,0
2018,9,3,24.3,26.5,22.6,0,0,84,0,0,13.1,24.1,30.6,0,0,0,0,0,0
2018,9,4,24.2,26.1,22.7,0,0,82,0,0,15.4,25.9,29.4,0,0,0,0,0,0
2018,9,5,23.9,26,21.4,0,0,79,0,0,12.6,20.9,25.9,0,0,0,0,0,0
2018,9,6,22.7,25.7,19.1,0,0,76,83.82,0,11.1,27.4,34.3,0,1,0,0,0,0
2018,9,7,22.9,25,20.2,0,0,73,2.03,0,12.6,22.2,31.7,0,1,0,0,0,0
2018,9,8,23.7,26.5,20.2,0,0,76,1.27,0,10,16.9,21.7,0,0,0,0,0,0
2018,9,9,24.1,26.7,21.9,0,0,76,0,0,10.4,19.1,23.7,0,0,0,0,0,0
2018,9,10,23,24.5,21.4,0,0,73,0,0,6.5,12.2,18.3,0,0,0,0,0,0
2018,9,11,24.4,28.2,20.6,0,0,0,0,0,9.4,15.2,21.3,0,0,0,0,0,0
2018,9,12,23.4,26.5,20.2,0,0,0,16.51,0,8.7,18,57.6,0,1,0,0,0,0
2018,9,13,23.6,26,20.7,0,0,0,0.25,0,12.8,25.9,33.9,0,0,0,0,0,0
2018,9,14,24.1,26.5,20.9,0,0,0,0,0,9.8,17.6,30.2,0,0,0,0,0,0
2018,9,15,23.2,25.5,22.4,0,0,0,0,0,6.7,11.9,19.1,0,0,0,0,0,0
2018,9,16,0,0,0,0,0,0,0,0,0,0,0,0,0,0,0,0,0
2018,9,17,0,0,0,0,0,0,0,0,0,0,0,0,0,0,0,0,0
2018,9,18,23.3,25,22.1,0,0,0,5.08,0,13.1,25.6,29.4,0,0,0,0,0,0
2018,9,19,23.8,26.2,21,0,0,0,0,0,8,15.6,19.8,0,0,0,0,0,0
2018,9,20,26.1,27.2,23.7,0,0,0,0,0,11.9,17.6,23.7,0,0,0,0,0,0
2018,9,21,24.8,27.5,22.2,0,0,0,0,0,10,25.2,27.8,0,0,0,0,0,0
2018,9,22,24.6,26.7,22,0,0,0,0,0,10.4,25.2,30.6,0,0,0,0,0,0
2018,9,23,23.9,25.7,22.2,0,0,0,0,0,7.8,24.1,28.3,0,0,0,0,0,0
2018,9,24,0,0,0,0,0,0,0,0,0,0,0,0,0,0,0,0,0
2018,9,25,20.9,23.9,18.6,0,0,0,0,0,17.8,47.4,54.3,0,0,0,0,0,0
2018,9,26,21.1,22.2,18.7,0,0,0,0,0,29.1,43.2,50,0,0,0,0,0,0
2018,9,27,19.9,22.7,16.2,0,0,0,0,0,10.4,18.3,21.7,0,0,0,0,0,0
2018,9,28,22.5,26.7,16.8,0,0,0,0,0,9.4,21.7,29.8,0,0,0,0,0,0
2018,9,29,21.6,24.2,19,0,0,0,0,0,12.6,25.2,28.7,0,0,0,0,0,0
2018,9,30,22.7,25.7,19.6,0,0,0,0,0,14.1,24.8,37.8,0,0,0,0,0,0
2018,10,1,20.7,24,18.7,0,0,0,0,0,9.3,17.6,24.1,0,0,0,0,0,0
2018,10,2,19.2,24.2,15.2,0,0,0,0,0,11.9,24.1,30.9,0,0,0,0,0,0
2018,10,3,20,23.7,16.3,0,0,0,0,0,8.5,20.9,27.4,0,0,0,0,0,0
2018,10,4,20,24.5,16.5,0,0,0,0,0,10.4,28.3,35.2,0,0,0,0,0,0
2018,10,5,21.5,23.7,17.7,0,0,0,0,0,10.2,13.7,20.2,0,0,0,0,0,0
2018,10,6,20.6,23.2,17.6,0,0,0,0,0,10.7,27,33.9,0,0,0,0,0,0
2018,10,7,17.9,21.6,14.7,0,0,0,0,0,11.1,29.8,35.6,0,1,0,0,0,0
2018,10,8,16.9,19,15.5,0,0,0,1.78,0,8,16.9,28.7,0,1,0,0,0,0
2018,10,9,19.2,21,17.1,0,0,0,2.29,0,28.7,49.3,60,0,1,0,0,0,0
2018,10,10,18.9,21.1,17,0,0,0,12.19,0,18,38.5,49.3,0,1,0,0,0,0
2018,10,11,20.8,23,17.2,0,0,0,4.57,0,11.9,25.9,34.4,0,0,0,0,0,0
2018,10,12,21.2,23.7,17.9,0,0,0,0,0,6.3,13,20.9,0,0,0,0,0,0
2018,10,13,20.5,21.6,20.1,0,0,0,2.79,0,4.6,6.5,0,0,0,0,0,0,0
2018,10,14,20.7,23.1,19,0,0,0,2.29,0,24.1,47.4,57.6,0,1,0,0,0,0
2018,10,15,19.8,22.5,17.2,0,0,0,0,0,10.7,33.9,41.7,0,0,0,0,0,0
2018,10,16,18.2,21.7,15.5,0,0,0,0,0,9.4,17.6,29.1,0,0,0,0,0,0
2018,10,17,18.2,20.7,16.6,0,0,0,0,0,11.5,29.4,34.8,0,0,0,0,0,0
2018,10,18,0,0,0,0,0,0,0,0,0,0,0,0,0,0,0,0,0
2018,10,19,20.6,21.7,18.5,0,0,0,0,0,22.2,30.9,42.4,0,1,0,0,0,0
2018,10,20,19.1,21.6,17.2,0,0,0,0,0,10.2,21.9,29.1,0,1,0,0,0,0
2018,10,21,19.9,23,16.2,0,0,0,0,0,9.8,19.8,27.4,0,0,0,0,0,0
2018,10,22,18.6,21.1,16.7,0,0,0,0,0,8.5,20.2,24.8,0,0,0,0,0,0
2018,10,23,18,21.1,15.2,0,0,0,0,0,8,16.9,21.9,0,0,0,0,0,0
2018,10,24,20.1,25.2,16.4,0,0,0,0,0,6.5,13.3,26.7,0,0,0,0,0,0
2018,10,25,18.8,22.2,16.3,0,0,0,0,0,6.5,14.4,18,0,0,0,0,0,0
2018,10,26,17.6,21,13.6,0,0,0,0,0,7.8,14.1,18.3,0,0,0,0,0,0
2018,10,27,14.3,18.7,11.7,0,0,0,2.29,0,7.8,29.8,34.8,0,1,0,0,0,0
2018,10,28,10.3,12.8,8.7,0,0,0,20.57,0,7.6,15.2,28.2,0,1,0,0,0,0
2018,10,29,9.6,13.2,7.9,0,0,0,3.05,0,13,20.6,40.9,0,0,0,0,0,0
2018,10,30,11.7,16.7,6.9,0,0,0,0,0,10,16.9,30.6,0,1,0,0,0,0
2018,10,31,13.6,16.5,11,0,0,0,21.84,0,18.3,38.2,66.1,0,1,0,0,0,0
2018,11,1,12.9,17.1,9.4,0,0,0,31.24,0,9.1,13.7,23.3,0,1,0,0,0,0
2018,11,2,13.6,17.7,10.3,0,0,0,0,0,9.1,13.3,21.3,0,0,0,0,0,0
2018,11,3,14.2,17.7,11,0,0,0,0,0,8.3,15.2,24.4,0,0,0,0,0,0
2018,11,4,16.3,20.5,12.7,0,0,0,0,0,7.6,11.5,26.7,0,0,0,0,0,0
2018,11,5,16.2,18.1,14.5,0,0,0,1.02,0,14.8,38.9,53.9,0,1,0,0,0,0
2018,11,6,13.7,16,11.7,0,0,0,7.11,0,12.2,20.6,33.9,0,0,0,0,0,0
2018,11,7,15.3,18.5,12.7,0,0,0,0,0,10.6,20.2,34.3,0,0,0,0,0,0
2018,11,8,14.8,16.6,12.6,0,0,0,0.25,0,7,14.1,28.7,0,1,0,0,0,0
2018,11,9,14.3,15.8,12.7,0,0,0,17.02,0,8.3,16.5,28.7,0,1,0,0,0,0
2018,11,10,15.5,19.1,12.1,0,0,0,2.03,0,10.7,21.7,38.9,0,0,0,0,0,0
2018,11,11,17.3,20.5,15.5,0,0,0,0,0,10.4,20.6,28.3,0,0,0,0,0,0
2018,11,12,16.6,18.2,14.6,0,0,0,0,0,14.6,24.1,28.2,0,0,0,0,0,0
2018,11,13,17.3,19.2,15.3,0,0,0,0,0,16.3,29.8,36.3,0,0,0,0,0,0
2018,11,14,16.9,18.2,15,0,0,0,0,0,14.3,21.7,24.8,0,0,0,0,0,0
2018,11,15,16.5,18,14.5,0,0,0,26.42,0,17.6,32.8,40.4,0,1,0,0,0,0
2018,11,16,15,17.1,13.7,0,0,0,54.1,0,10.2,21.9,25.6,0,1,0,0,0,0
2018,11,17,0,0,0,0,0,0,0,0,0,0,0,0,0,0,0,0,0
2018,11,18,0,0,0,0,0,0,0,0,0,0,0,0,0,0,0,0,0
2018,11,19,0,0,0,0,0,0,0,0,0,0,0,0,0,0,0,0,0
2018,11,20,0,0,0,0,0,0,0,0,0,0,0,0,0,0,0,0,0
2018,11,21,0,0,0,0,0,0,0,0,0,0,0,0,0,0,0,0,0
2018,11,22,0,0,0,0,0,0,0,0,0,0,0,0,0,0,0,0,0
2018,11,23,12.2,15.4,10.7,0,0,0,2.54,0,9.6,16.1,29.8,0,1,0,0,0,0
2018,11,24,11.9,15.5,8.4,0,0,0,0,0,7.8,11.1,23,0,0,0,0,0,0
2018,11,25,12.2,15.5,10.4,0,0,0,0,0,8.1,13.7,28.3,0,0,0,0,0,0
2018,11,26,11.2,14.1,9.2,0,0,0,0.51,0,10,18.3,37,0,1,0,0,0,0
2018,11,27,12.3,15.7,9.2,0,0,0,3.3,0,10,17.2,28.7,0,0,0,0,0,0
2018,11,28,12.7,17.7,8.7,0,0,0,0,0,9.1,13.3,22.2,0,0,0,0,0,0
2018,11,29,12.1,15.6,8,0,0,0,0,0,8.9,13.3,22.6,0,0,0,0,0,0
2018,11,30,12.4,14.7,10.1,0,0,0,0.51,0,8.3,14.4,24.1,0,1,0,0,0,0
2018,12,1,11.6,14.5,9.2,0,0,0,0,0,8,15.6,25.2,0,0,0,0,0,0
2018,12,2,13.8,17.5,10.5,0,0,0,0,0,8.9,15.6,25.2,0,0,0,0,0,0
2018,12,3,14.8,18.1,11.6,0,0,0,0,0,8,23.7,35.9,0,0,0,0,0,0
2018,12,4,15.1,19.7,12.6,0,0,0,0,0,9.1,14.4,25.6,0,0,0,0,0,0
2018,12,5,14.1,18.2,9.7,0,0,0,0,0,8.9,15.6,24.1,0,0,0,0,0,0
2018,12,6,13.2,16.2,11.2,0,0,0,0,0,7.8,12.2,20.6,0,0,0,0,0,0
2018,12,7,11.3,13.2,9.7,0,0,0,0,0,9.3,14.4,27,0,0,0,0,0,0
2018,12,8,12.1,14.7,9.4,0,0,0,0,0,8.3,13,30.2,0,0,0,0,0,0
2018,12,9,13.3,17.7,9.1,0,0,0,0,0,8.3,18.3,30.9,0,0,0,0,0,0
2018,12,10,12.1,14.7,9.5,0,0,0,0,0,8.7,15.6,26.3,0,0,0,0,0,0
2018,12,11,10.6,14.5,6.7,0,0,0,0,0,8.3,13,21.3,0,0,0,0,0,0
2018,12,12,12,14.7,8.9,0,0,0,0,0,6.5,10.7,18.3,0,0,0,0,0,0
2018,12,13,11.6,13.4,10,0,0,0,1.27,0,5.7,9.6,20.6,0,1,0,0,0,0
2018,12,14,11.2,13.2,9.2,0,0,0,5.59,0,6.9,11.9,20.6,0,1,0,0,0,0
2018,12,15,11.7,14,8.4,0,0,0,0,0,10,15.6,30.6,0,0,0,0,0,0
2018,12,16,13.8,14.7,12.1,0,0,0,0,0,9.1,24.4,42.8,0,0,0,0,0,0
2018,12,17,11.8,16,9.6,0,0,0,0,0,9.8,21.7,40,0,0,0,0,0,0
2018,12,18,11.3,14.5,7.1,0,0,0,0,0,7.4,13,25.6,0,0,0,0,0,0
2018,12,19,13.4,16.6,9.7,0,0,0,0,0,10.4,22.2,40.9,0,0,0,0,0,0
2018,12,20,11.8,15.2,9,0,0,0,0,0,7.8,13.7,34.4,0,0,0,0,0,0
2018,12,21,12.3,16.2,7.6,0,0,0,0,0,8.9,14.8,24.1,0,0,0,0,0,0
2018,12,22,13.8,17.7,10.7,0,0,0,0,0,6.1,13,23,0,0,0,0,0,0
2018,12,23,13.8,18.5,9.4,0,0,0,0,0,9.3,16.5,22.6,0,0,0,0,0,0
2018,12,24,13.9,18,11,0,0,0,0,0,5.9,14.4,18.3,0,0,0,0,0,0
2018,12,25,12.2,16,9,0,0,0,0,0,7.2,15.7,19.4,0,0,0,0,0,0
2018,12,26,11.8,14.7,7.2,0,0,0,0,0,6.3,10.4,0,0,0,0,0,0,0
2018,12,27,11.7,15,9.1,0,0,0,0,0,5.9,10,18.7,0,0,0,0,0,0
2018,12,28,9.9,14.1,6.7,0,0,0,0,0,8.5,13.3,19.4,0,0,0,0,0,0
2018,12,29,9.3,13.7,6.2,0,0,0,0,0,7.4,10.7,19.4,0,0,0,0,0,0
2018,12,30,11.3,17,5.7,0,0,0,0,0,7.8,16.5,23,0,0,0,0,0,0
2018,12,31,11.5,16.5,6.5,0,0,0,0,0,9.3,18.7,27,0,0,0,0,0,0
